filename,product_name,variant_color_or_view,catalog_page,wix_product_handle
Cover__Product Catalog April 2026.jpeg,Cover,Product Catalog April 2026,1,cover
20oz_Regular_Tumbler__Black.jpeg,20oz Regular Tumbler,Black,3,20oz_regular_tumbler
20oz_Regular_Tumbler__White.jpeg,20oz Regular Tumbler,White,3,20oz_regular_tumbler
20oz_Regular_Tumbler__Blue.jpeg,20oz Regular Tumbler,Blue,3,20oz_regular_tumbler
20oz_Regular_Tumbler__Light Blue.jpeg,20oz Regular Tumbler,Light Blue,3,20oz_regular_tumbler
20oz_Regular_Tumbler__Navy.jpeg,20oz Regular Tumbler,Navy,3,20oz_regular_tumbler
20oz_Regular_Tumbler__Maroon.jpeg,20oz Regular Tumbler,Maroon,3,20oz_regular_tumbler
20oz_Regular_Tumbler__Red.jpeg,20oz Regular Tumbler,Red,3,20oz_regular_tumbler
20oz_Regular_Tumbler__Pink.jpeg,20oz Regular Tumbler,Pink,3,20oz_regular_tumbler
20oz_Regular_Tumbler__Teal.jpeg,20oz Regular Tumbler,Teal,3,20oz_regular_tumbler
20oz_Regular_Tumbler__Purple.jpeg,20oz Regular Tumbler,Purple,3,20oz_regular_tumbler
20oz_Regular_Tumbler__Green.jpeg,20oz Regular Tumbler,Green,3,20oz_regular_tumbler
20oz_Regular_Tumbler__Yellow.jpeg,20oz Regular Tumbler,Yellow,3,20oz_regular_tumbler
20oz_Regular_Tumbler__Orange.jpeg,20oz Regular Tumbler,Orange,3,20oz_regular_tumbler
20oz_Regular_Tumbler_with_Handle__Black.jpeg,20oz Regular Tumbler with Handle,Black,4,20oz_regular_tumbler_with_handle
20oz_Regular_Tumbler_with_Handle__White.jpeg,20oz Regular Tumbler with Handle,White,4,20oz_regular_tumbler_with_handle
20oz_Regular_Tumbler_with_Handle__Blue.jpeg,20oz Regular Tumbler with Handle,Blue,4,20oz_regular_tumbler_with_handle
20oz_Regular_Tumbler_with_Handle__Light Blue.jpeg,20oz Regular Tumbler with Handle,Light Blue,4,20oz_regular_tumbler_with_handle
20oz_Regular_Tumbler_with_Handle__Navy.jpeg,20oz Regular Tumbler with Handle,Navy,4,20oz_regular_tumbler_with_handle
20oz_Regular_Tumbler_with_Handle__Maroon.jpeg,20oz Regular Tumbler with Handle,Maroon,4,20oz_regular_tumbler_with_handle
20oz_Regular_Tumbler_with_Handle__Red.jpeg,20oz Regular Tumbler with Handle,Red,4,20oz_regular_tumbler_with_handle
20oz_Regular_Tumbler_with_Handle__Pink.jpeg,20oz Regular Tumbler with Handle,Pink,4,20oz_regular_tumbler_with_handle
20oz_Regular_Tumbler_with_Handle__Teal.jpeg,20oz Regular Tumbler with Handle,Teal,4,20oz_regular_tumbler_with_handle
20oz_Regular_Tumbler_with_Handle__Purple.jpeg,20oz Regular Tumbler with Handle,Purple,4,20oz_regular_tumbler_with_handle
20oz_Regular_Tumbler_with_Handle__Green.jpeg,20oz Regular Tumbler with Handle,Green,4,20oz_regular_tumbler_with_handle
20oz_Regular_Tumbler_with_Handle__Yellow.jpeg,20oz Regular Tumbler with Handle,Yellow,4,20oz_regular_tumbler_with_handle
20oz_Regular_Tumbler_with_Handle__Orange.jpeg,20oz Regular Tumbler with Handle,Orange,4,20oz_regular_tumbler_with_handle
20oz_Regular_Handle__Black.jpeg,20oz Regular Handle,Black,5,20oz_regular_handle
20oz_Regular_Handle__White.jpeg,20oz Regular Handle,White,5,20oz_regular_handle
20oz_Regular_Handle__Blue.jpeg,20oz Regular Handle,Blue,5,20oz_regular_handle
20oz_Regular_Handle__Light Blue.jpeg,20oz Regular Handle,Light Blue,5,20oz_regular_handle
20oz_Regular_Handle__Navy.jpeg,20oz Regular Handle,Navy,5,20oz_regular_handle
20oz_Regular_Handle__Maroon.jpeg,20oz Regular Handle,Maroon,5,20oz_regular_handle
20oz_Regular_Handle__Red.jpeg,20oz Regular Handle,Red,5,20oz_regular_handle
20oz_Regular_Handle__Pink.jpeg,20oz Regular Handle,Pink,5,20oz_regular_handle
20oz_Regular_Handle__Teal.jpeg,20oz Regular Handle,Teal,5,20oz_regular_handle
20oz_Regular_Handle__Purple.jpeg,20oz Regular Handle,Purple,5,20oz_regular_handle
20oz_Regular_Handle__Green.jpeg,20oz Regular Handle,Green,5,20oz_regular_handle
20oz_Regular_Handle__Yellow.jpeg,20oz Regular Handle,Yellow,5,20oz_regular_handle
20oz_Regular_Handle__Orange.jpeg,20oz Regular Handle,Orange,5,20oz_regular_handle
20oz_Regular_Gold_Electro__Black-Gold.jpeg,20oz Regular Gold Electro,Black-Gold,6,20oz_regular_gold_electro
20oz_Regular_Gold_Electro__White-Gold.jpeg,20oz Regular Gold Electro,White-Gold,6,20oz_regular_gold_electro
20oz_Regular_Gold_Electro__Black-Gold-with-Handle.jpeg,20oz Regular Gold Electro,Black-Gold-with-Handle,6,20oz_regular_gold_electro
20oz_Regular_Gold_Electro__White-Gold-with-Handle.jpeg,20oz Regular Gold Electro,White-Gold-with-Handle,6,20oz_regular_gold_electro
20oz_Regular_Rainbow_Electro__Black-Rainbow.jpeg,20oz Regular Rainbow Electro,Black-Rainbow,7,20oz_regular_rainbow_electro
20oz_Regular_Rainbow_Electro__White-Rainbow.jpeg,20oz Regular Rainbow Electro,White-Rainbow,7,20oz_regular_rainbow_electro
20oz_Regular_Rainbow_Electro__Black-Rainbow-with-Handle.jpeg,20oz Regular Rainbow Electro,Black-Rainbow-with-Handle,7,20oz_regular_rainbow_electro
20oz_Regular_Rainbow_Electro__White-Rainbow-with-Handle.jpeg,20oz Regular Rainbow Electro,White-Rainbow-with-Handle,7,20oz_regular_rainbow_electro
20oz_Skinny_Tumbler__Black.jpeg,20oz Skinny Tumbler,Black,8,20oz_skinny_tumbler
20oz_Skinny_Tumbler__White.jpeg,20oz Skinny Tumbler,White,8,20oz_skinny_tumbler
20oz_Skinny_Tumbler__Blue.jpeg,20oz Skinny Tumbler,Blue,8,20oz_skinny_tumbler
20oz_Skinny_Tumbler__Red.jpeg,20oz Skinny Tumbler,Red,8,20oz_skinny_tumbler
20oz_Skinny_Tumbler__Pink.jpeg,20oz Skinny Tumbler,Pink,8,20oz_skinny_tumbler
20oz_Skinny_Tumbler__Teal.jpeg,20oz Skinny Tumbler,Teal,8,20oz_skinny_tumbler
20oz_Skinny_Tumbler__Purple.jpeg,20oz Skinny Tumbler,Purple,8,20oz_skinny_tumbler
20oz_Skinny_Tumbler__Green.jpeg,20oz Skinny Tumbler,Green,8,20oz_skinny_tumbler
20oz_Skinny_Tumbler__Yellow.jpeg,20oz Skinny Tumbler,Yellow,8,20oz_skinny_tumbler
20oz_Skinny_Tumbler__Orange.jpeg,20oz Skinny Tumbler,Orange,8,20oz_skinny_tumbler
20oz_Skinny_Tumbler_with_Handle__Black.jpeg,20oz Skinny Tumbler with Handle,Black,9,20oz_skinny_tumbler_with_handle
20oz_Skinny_Tumbler_with_Handle__White.jpeg,20oz Skinny Tumbler with Handle,White,9,20oz_skinny_tumbler_with_handle
20oz_Skinny_Tumbler_with_Handle__Teal.jpeg,20oz Skinny Tumbler with Handle,Teal,9,20oz_skinny_tumbler_with_handle
20oz_Skinny_Tumbler_with_Handle__Blue.jpeg,20oz Skinny Tumbler with Handle,Blue,9,20oz_skinny_tumbler_with_handle
20oz_Skinny_Tumbler_with_Handle__Red.jpeg,20oz Skinny Tumbler with Handle,Red,9,20oz_skinny_tumbler_with_handle
20oz_Skinny_Tumbler_with_Handle__Pink.jpeg,20oz Skinny Tumbler with Handle,Pink,9,20oz_skinny_tumbler_with_handle
20oz_Skinny_Tumbler_with_Handle__Purple.jpeg,20oz Skinny Tumbler with Handle,Purple,9,20oz_skinny_tumbler_with_handle
20oz_Skinny_Tumbler_with_Handle__Green.jpeg,20oz Skinny Tumbler with Handle,Green,9,20oz_skinny_tumbler_with_handle
20oz_Skinny_Tumbler_with_Handle__Yellow.jpeg,20oz Skinny Tumbler with Handle,Yellow,9,20oz_skinny_tumbler_with_handle
20oz_Skinny_Tumbler_with_Handle__Orange.jpeg,20oz Skinny Tumbler with Handle,Orange,9,20oz_skinny_tumbler_with_handle
20oz_Skinny_Handle__Black.jpeg,20oz Skinny Handle,Black,10,20oz_skinny_handle
20oz_Skinny_Handle__White.jpeg,20oz Skinny Handle,White,10,20oz_skinny_handle
20oz_Skinny_Handle__Blue.jpeg,20oz Skinny Handle,Blue,10,20oz_skinny_handle
20oz_Skinny_Handle__Red.jpeg,20oz Skinny Handle,Red,10,20oz_skinny_handle
20oz_Skinny_Handle__Pink.jpeg,20oz Skinny Handle,Pink,10,20oz_skinny_handle
20oz_Skinny_Handle__Teal.jpeg,20oz Skinny Handle,Teal,10,20oz_skinny_handle
20oz_Skinny_Handle__Purple.jpeg,20oz Skinny Handle,Purple,10,20oz_skinny_handle
20oz_Skinny_Handle__Green.jpeg,20oz Skinny Handle,Green,10,20oz_skinny_handle
20oz_Skinny_Handle__Yellow.jpeg,20oz Skinny Handle,Yellow,10,20oz_skinny_handle
20oz_Skinny_Handle__Orange.jpeg,20oz Skinny Handle,Orange,10,20oz_skinny_handle
20oz_Skinny_Gold_Electro__Black-Gold.jpeg,20oz Skinny Gold Electro,Black-Gold,11,20oz_skinny_gold_electro
20oz_Skinny_Gold_Electro__White-Gold.jpeg,20oz Skinny Gold Electro,White-Gold,11,20oz_skinny_gold_electro
20oz_Skinny_Gold_Electro__Black-Gold-no-handle.jpeg,20oz Skinny Gold Electro,Black-Gold-no-handle,11,20oz_skinny_gold_electro
20oz_Skinny_Gold_Electro__Black-Gold-with-Handle.jpeg,20oz Skinny Gold Electro,Black-Gold-with-Handle,11,20oz_skinny_gold_electro
20oz_Skinny_Gold_Electro__White-Gold-no-handle.jpeg,20oz Skinny Gold Electro,White-Gold-no-handle,11,20oz_skinny_gold_electro
20oz_Skinny_Gold_Electro__White-Gold-with-Handle.jpeg,20oz Skinny Gold Electro,White-Gold-with-Handle,11,20oz_skinny_gold_electro
20oz_Skinny_Rainbow_Electro__Black-Rainbow.jpeg,20oz Skinny Rainbow Electro,Black-Rainbow,12,20oz_skinny_rainbow_electro
20oz_Skinny_Rainbow_Electro__White-Rainbow.jpeg,20oz Skinny Rainbow Electro,White-Rainbow,12,20oz_skinny_rainbow_electro
20oz_Skinny_Rainbow_Electro__Black-Rainbow-no-handle.jpeg,20oz Skinny Rainbow Electro,Black-Rainbow-no-handle,12,20oz_skinny_rainbow_electro
20oz_Skinny_Rainbow_Electro__Black-Rainbow-with-Handle.jpeg,20oz Skinny Rainbow Electro,Black-Rainbow-with-Handle,12,20oz_skinny_rainbow_electro
20oz_Skinny_Rainbow_Electro__White-Rainbow-no-handle.jpeg,20oz Skinny Rainbow Electro,White-Rainbow-no-handle,12,20oz_skinny_rainbow_electro
20oz_Skinny_Rainbow_Electro__White-Rainbow-with-Handle.jpeg,20oz Skinny Rainbow Electro,White-Rainbow-with-Handle,12,20oz_skinny_rainbow_electro
30oz_Tumbler__Black.jpeg,30oz Tumbler,Black,13,30oz_tumbler
30oz_Tumbler__White.jpeg,30oz Tumbler,White,13,30oz_tumbler
30oz_Tumbler__Blue.jpeg,30oz Tumbler,Blue,13,30oz_tumbler
30oz_Tumbler__Light Blue.jpeg,30oz Tumbler,Light Blue,13,30oz_tumbler
30oz_Tumbler__Navy.jpeg,30oz Tumbler,Navy,13,30oz_tumbler
30oz_Tumbler__Maroon.jpeg,30oz Tumbler,Maroon,13,30oz_tumbler
30oz_Tumbler__Red.jpeg,30oz Tumbler,Red,13,30oz_tumbler
30oz_Tumbler__Pink.jpeg,30oz Tumbler,Pink,13,30oz_tumbler
30oz_Tumbler__Teal.jpeg,30oz Tumbler,Teal,13,30oz_tumbler
30oz_Tumbler__Purple.jpeg,30oz Tumbler,Purple,13,30oz_tumbler
30oz_Tumbler__Green.jpeg,30oz Tumbler,Green,13,30oz_tumbler
30oz_Tumbler__Yellow.jpeg,30oz Tumbler,Yellow,13,30oz_tumbler
30oz_Tumbler__Orange.jpeg,30oz Tumbler,Orange,13,30oz_tumbler
30oz_Tumbler_with_Handle__Black.jpeg,30oz Tumbler with Handle,Black,14,30oz_tumbler_with_handle
30oz_Tumbler_with_Handle__White.jpeg,30oz Tumbler with Handle,White,14,30oz_tumbler_with_handle
30oz_Tumbler_with_Handle__Blue.jpeg,30oz Tumbler with Handle,Blue,14,30oz_tumbler_with_handle
30oz_Tumbler_with_Handle__Light Blue.jpeg,30oz Tumbler with Handle,Light Blue,14,30oz_tumbler_with_handle
30oz_Tumbler_with_Handle__Navy.jpeg,30oz Tumbler with Handle,Navy,14,30oz_tumbler_with_handle
30oz_Tumbler_with_Handle__Maroon.jpeg,30oz Tumbler with Handle,Maroon,14,30oz_tumbler_with_handle
30oz_Tumbler_with_Handle__Red.jpeg,30oz Tumbler with Handle,Red,14,30oz_tumbler_with_handle
30oz_Tumbler_with_Handle__Pink.jpeg,30oz Tumbler with Handle,Pink,14,30oz_tumbler_with_handle
30oz_Tumbler_with_Handle__Teal.jpeg,30oz Tumbler with Handle,Teal,14,30oz_tumbler_with_handle
30oz_Tumbler_with_Handle__Purple.jpeg,30oz Tumbler with Handle,Purple,14,30oz_tumbler_with_handle
30oz_Tumbler_with_Handle__Green.jpeg,30oz Tumbler with Handle,Green,14,30oz_tumbler_with_handle
30oz_Tumbler_with_Handle__Yellow.jpeg,30oz Tumbler with Handle,Yellow,14,30oz_tumbler_with_handle
30oz_Tumbler_with_Handle__Orange.jpeg,30oz Tumbler with Handle,Orange,14,30oz_tumbler_with_handle
30oz_Gold_Electro__Black-Gold.jpeg,30oz Gold Electro,Black-Gold,15,30oz_gold_electro
30oz_Gold_Electro__White-Gold.jpeg,30oz Gold Electro,White-Gold,15,30oz_gold_electro
30oz_Gold_Electro__Black-Gold-no-handle.jpeg,30oz Gold Electro,Black-Gold-no-handle,15,30oz_gold_electro
30oz_Gold_Electro__Black-Gold-with-Handle.jpeg,30oz Gold Electro,Black-Gold-with-Handle,15,30oz_gold_electro
30oz_Gold_Electro__White-Gold-no-handle.jpeg,30oz Gold Electro,White-Gold-no-handle,15,30oz_gold_electro
30oz_Gold_Electro__White-Gold-with-Handle.jpeg,30oz Gold Electro,White-Gold-with-Handle,15,30oz_gold_electro
30oz_Rainbow_Electro__Black-Rainbow.jpeg,30oz Rainbow Electro,Black-Rainbow,16,30oz_rainbow_electro
30oz_Rainbow_Electro__White-Rainbow.jpeg,30oz Rainbow Electro,White-Rainbow,16,30oz_rainbow_electro
30oz_Rainbow_Electro__Black-Rainbow-no-handle.jpeg,30oz Rainbow Electro,Black-Rainbow-no-handle,16,30oz_rainbow_electro
30oz_Rainbow_Electro__Black-Rainbow-with-Handle.jpeg,30oz Rainbow Electro,Black-Rainbow-with-Handle,16,30oz_rainbow_electro
30oz_Rainbow_Electro__White-Rainbow-no-handle.jpeg,30oz Rainbow Electro,White-Rainbow-no-handle,16,30oz_rainbow_electro
30oz_Rainbow_Electro__White-Rainbow-with-Handle.jpeg,30oz Rainbow Electro,White-Rainbow-with-Handle,16,30oz_rainbow_electro
30oz_and_40oz_Replacement_Handle__Black.jpeg,30oz and 40oz Replacement Handle,Black,17,30oz_and_40oz_replacement_handle
30oz_and_40oz_Replacement_Handle__White.jpeg,30oz and 40oz Replacement Handle,White,17,30oz_and_40oz_replacement_handle
30oz_and_40oz_Replacement_Handle__Blue.jpeg,30oz and 40oz Replacement Handle,Blue,17,30oz_and_40oz_replacement_handle
30oz_and_40oz_Replacement_Handle__Light Blue.jpeg,30oz and 40oz Replacement Handle,Light Blue,17,30oz_and_40oz_replacement_handle
30oz_and_40oz_Replacement_Handle__Navy.jpeg,30oz and 40oz Replacement Handle,Navy,17,30oz_and_40oz_replacement_handle
30oz_and_40oz_Replacement_Handle__Maroon.jpeg,30oz and 40oz Replacement Handle,Maroon,17,30oz_and_40oz_replacement_handle
30oz_and_40oz_Replacement_Handle__Red.jpeg,30oz and 40oz Replacement Handle,Red,17,30oz_and_40oz_replacement_handle
30oz_and_40oz_Replacement_Handle__Pink.jpeg,30oz and 40oz Replacement Handle,Pink,17,30oz_and_40oz_replacement_handle
30oz_and_40oz_Replacement_Handle__Teal.jpeg,30oz and 40oz Replacement Handle,Teal,17,30oz_and_40oz_replacement_handle
30oz_and_40oz_Replacement_Handle__Purple.jpeg,30oz and 40oz Replacement Handle,Purple,17,30oz_and_40oz_replacement_handle
30oz_and_40oz_Replacement_Handle__Green.jpeg,30oz and 40oz Replacement Handle,Green,17,30oz_and_40oz_replacement_handle
30oz_and_40oz_Replacement_Handle__Yellow.jpeg,30oz and 40oz Replacement Handle,Yellow,17,30oz_and_40oz_replacement_handle
30oz_and_40oz_Replacement_Handle__Orange.jpeg,30oz and 40oz Replacement Handle,Orange,17,30oz_and_40oz_replacement_handle
40oz_Tumbler__Black.jpeg,40oz Tumbler,Black,18,40oz_tumbler
40oz_Tumbler__White.jpeg,40oz Tumbler,White,18,40oz_tumbler
40oz_Tumbler__Blue.jpeg,40oz Tumbler,Blue,18,40oz_tumbler
40oz_Tumbler__Red.jpeg,40oz Tumbler,Red,18,40oz_tumbler
40oz_Tumbler__Pink.jpeg,40oz Tumbler,Pink,18,40oz_tumbler
40oz_Tumbler__Teal.jpeg,40oz Tumbler,Teal,18,40oz_tumbler
40oz_Tumbler__Purple.jpeg,40oz Tumbler,Purple,18,40oz_tumbler
40oz_Tumbler__Green.jpeg,40oz Tumbler,Green,18,40oz_tumbler
40oz_Tumbler__Yellow.jpeg,40oz Tumbler,Yellow,18,40oz_tumbler
40oz_Tumbler__Orange.jpeg,40oz Tumbler,Orange,18,40oz_tumbler
40oz_Tumbler_with_Handle__Black.jpeg,40oz Tumbler with Handle,Black,19,40oz_tumbler_with_handle
40oz_Tumbler_with_Handle__White.jpeg,40oz Tumbler with Handle,White,19,40oz_tumbler_with_handle
40oz_Tumbler_with_Handle__Blue.jpeg,40oz Tumbler with Handle,Blue,19,40oz_tumbler_with_handle
40oz_Tumbler_with_Handle__Red.jpeg,40oz Tumbler with Handle,Red,19,40oz_tumbler_with_handle
40oz_Tumbler_with_Handle__Pink.jpeg,40oz Tumbler with Handle,Pink,19,40oz_tumbler_with_handle
40oz_Tumbler_with_Handle__Teal.jpeg,40oz Tumbler with Handle,Teal,19,40oz_tumbler_with_handle
40oz_Tumbler_with_Handle__Purple.jpeg,40oz Tumbler with Handle,Purple,19,40oz_tumbler_with_handle
40oz_Tumbler_with_Handle__Green.jpeg,40oz Tumbler with Handle,Green,19,40oz_tumbler_with_handle
40oz_Tumbler_with_Handle__Yellow.jpeg,40oz Tumbler with Handle,Yellow,19,40oz_tumbler_with_handle
40oz_Tumbler_with_Handle__Orange.jpeg,40oz Tumbler with Handle,Orange,19,40oz_tumbler_with_handle
32oz_Hydro_Bottle__Black.jpeg,32oz Hydro Bottle,Black,20,32oz_hydro_bottle
32oz_Hydro_Bottle__White.jpeg,32oz Hydro Bottle,White,20,32oz_hydro_bottle
32oz_Hydro_Bottle__Light Blue.jpeg,32oz Hydro Bottle,Light Blue,20,32oz_hydro_bottle
32oz_Hydro_Bottle__Navy.jpeg,32oz Hydro Bottle,Navy,20,32oz_hydro_bottle
32oz_Hydro_Bottle__Maroon.jpeg,32oz Hydro Bottle,Maroon,20,32oz_hydro_bottle
32oz_Hydro_Bottle__Red.jpeg,32oz Hydro Bottle,Red,20,32oz_hydro_bottle
32oz_Hydro_Bottle__Pink.jpeg,32oz Hydro Bottle,Pink,20,32oz_hydro_bottle
32oz_Hydro_Bottle__Teal.jpeg,32oz Hydro Bottle,Teal,20,32oz_hydro_bottle
32oz_Hydro_Bottle__Purple.jpeg,32oz Hydro Bottle,Purple,20,32oz_hydro_bottle
32oz_Hydro_Bottle__Green.jpeg,32oz Hydro Bottle,Green,20,32oz_hydro_bottle
32oz_Hydro_Bottle__Yellow.jpeg,32oz Hydro Bottle,Yellow,20,32oz_hydro_bottle
32oz_Hydro_Bottle__Orange.jpeg,32oz Hydro Bottle,Orange,20,32oz_hydro_bottle
32oz_Hydro_Bottle__Blue.jpeg,32oz Hydro Bottle,Blue,20,32oz_hydro_bottle
32oz_Hydro_Gold_Electro__Black-Gold.jpeg,32oz Hydro Gold Electro,Black-Gold,21,32oz_hydro_gold_electro
32oz_Hydro_Gold_Electro__White-Gold.jpeg,32oz Hydro Gold Electro,White-Gold,21,32oz_hydro_gold_electro
32oz_Hydro_Gold_Electro__Gold-Electroplating-1.jpeg,32oz Hydro Gold Electro,Gold-Electroplating-1,21,32oz_hydro_gold_electro
32oz_Hydro_Gold_Electro__Gold-Electroplating-2.jpeg,32oz Hydro Gold Electro,Gold-Electroplating-2,21,32oz_hydro_gold_electro
32oz_Hydro_Gold_Electro__Dual-Sport-Lid.jpeg,32oz Hydro Gold Electro,Dual-Sport-Lid,21,32oz_hydro_gold_electro
32oz_Hydro_Rainbow_Electro__Black-Rainbow.jpeg,32oz Hydro Rainbow Electro,Black-Rainbow,22,32oz_hydro_rainbow_electro
32oz_Hydro_Rainbow_Electro__White-Rainbow.jpeg,32oz Hydro Rainbow Electro,White-Rainbow,22,32oz_hydro_rainbow_electro
32oz_Hydro_Rainbow_Electro__Rainbow-Electroplating-1.jpeg,32oz Hydro Rainbow Electro,Rainbow-Electroplating-1,22,32oz_hydro_rainbow_electro
32oz_Hydro_Rainbow_Electro__Rainbow-Electroplating-2.jpeg,32oz Hydro Rainbow Electro,Rainbow-Electroplating-2,22,32oz_hydro_rainbow_electro
32oz_Hydro_Rainbow_Electro__Dual-Sport-Lid.jpeg,32oz Hydro Rainbow Electro,Dual-Sport-Lid,22,32oz_hydro_rainbow_electro
12oz_Camper__Black.jpeg,12oz Camper,Black,23,12oz_camper
12oz_Camper__White.jpeg,12oz Camper,White,23,12oz_camper
12oz_Camper__Blue.jpeg,12oz Camper,Blue,23,12oz_camper
12oz_Camper__Red.jpeg,12oz Camper,Red,23,12oz_camper
12oz_Camper__Pink.jpeg,12oz Camper,Pink,23,12oz_camper
12oz_Camper__Teal.jpeg,12oz Camper,Teal,23,12oz_camper
12oz_Camper__Purple.jpeg,12oz Camper,Purple,23,12oz_camper
12oz_Camper__Green.jpeg,12oz Camper,Green,23,12oz_camper
12oz_Camper__Yellow.jpeg,12oz Camper,Yellow,23,12oz_camper
12oz_Camper__Orange.jpeg,12oz Camper,Orange,23,12oz_camper
12oz_Wine_Tumbler__Black.jpeg,12oz Wine Tumbler,Black,24,12oz_wine_tumbler
12oz_Wine_Tumbler__White.jpeg,12oz Wine Tumbler,White,24,12oz_wine_tumbler
12oz_Wine_Tumbler__Blue.jpeg,12oz Wine Tumbler,Blue,24,12oz_wine_tumbler
12oz_Wine_Tumbler__Red.jpeg,12oz Wine Tumbler,Red,24,12oz_wine_tumbler
12oz_Wine_Tumbler__Pink.jpeg,12oz Wine Tumbler,Pink,24,12oz_wine_tumbler
12oz_Wine_Tumbler__Teal.jpeg,12oz Wine Tumbler,Teal,24,12oz_wine_tumbler
12oz_Wine_Tumbler__Purple.jpeg,12oz Wine Tumbler,Purple,24,12oz_wine_tumbler
12oz_Wine_Tumbler__Green.jpeg,12oz Wine Tumbler,Green,24,12oz_wine_tumbler
12oz_Wine_Tumbler__Yellow.jpeg,12oz Wine Tumbler,Yellow,24,12oz_wine_tumbler
12oz_Wine_Tumbler__Orange.jpeg,12oz Wine Tumbler,Orange,24,12oz_wine_tumbler
Marble_and_Wood_Collection__Collection-Overview.jpeg,Marble and Wood Collection,Collection-Overview,25,marble_and_wood_collection
11pc_Charcuterie_Set__View-1.jpeg,11pc Charcuterie Set,View-1,26,11pc_charcuterie_set
11pc_Charcuterie_Set__View-2.jpeg,11pc Charcuterie Set,View-2,26,11pc_charcuterie_set
11pc_Charcuterie_Set__View-3.jpeg,11pc Charcuterie Set,View-3,26,11pc_charcuterie_set
11pc_Charcuterie_Set__View-4.jpeg,11pc Charcuterie Set,View-4,26,11pc_charcuterie_set
11pc_Charcuterie_Set__View-5.jpeg,11pc Charcuterie Set,View-5,26,11pc_charcuterie_set
5pc_Handle_Serving_Board_Set__View-1.jpeg,5pc Handle Serving Board Set,View-1,27,5pc_handle_serving_board_set
5pc_Handle_Serving_Board_Set__View-2.jpeg,5pc Handle Serving Board Set,View-2,27,5pc_handle_serving_board_set
5pc_Handle_Serving_Board_Set__View-3.jpeg,5pc Handle Serving Board Set,View-3,27,5pc_handle_serving_board_set
Cutting_Board_with_Juice_Groove__View-1.jpeg,Cutting Board with Juice Groove,View-1,28,cutting_board_with_juice_groove
Cutting_Board_with_Juice_Groove__View-2.jpeg,Cutting Board with Juice Groove,View-2,28,cutting_board_with_juice_groove
3pc_Heart_Shaped_Serving_Board_Set__View-1.jpeg,3pc Heart Shaped Serving Board Set,View-1,28,3pc_heart_shaped_serving_board_set
3pc_Heart_Shaped_Serving_Board_Set__View-2.jpeg,3pc Heart Shaped Serving Board Set,View-2,28,3pc_heart_shaped_serving_board_set
7x5_Photo_Frame__View-1.jpeg,7x5 Photo Frame,View-1,29,7x5_photo_frame
Pen_and_Pencil_Holder__View-1.jpeg,Pen and Pencil Holder,View-1,29,pen_and_pencil_holder
Desk_Name_Plate_with_Card_Slot_and_Pen_Holders__View-1.jpeg,Desk Name Plate with Card Slot and Pen Holders,View-1,29,desk_name_plate_with_card_slot_and_pen_holders
Bamboo_Cutting_Board__View-1.jpeg,Bamboo Cutting Board,View-1,30,bamboo_cutting_board
Bamboo_Cutting_Board__View-2.jpeg,Bamboo Cutting Board,View-2,30,bamboo_cutting_board
Rubberwood_Cutting_Board__View-1.jpeg,Rubberwood Cutting Board,View-1,30,rubberwood_cutting_board
Rubberwood_Cutting_Board__View-2.jpeg,Rubberwood Cutting Board,View-2,30,rubberwood_cutting_board
Walnut_Wood_Cutting_Board__View-1.jpeg,Walnut Wood Cutting Board,View-1,30,walnut_wood_cutting_board
Walnut_Wood_Cutting_Board__View-2.jpeg,Walnut Wood Cutting Board,View-2,30,walnut_wood_cutting_board
Arizona_Rubberwood_Cutting_Board__View-1.jpeg,Arizona Rubberwood Cutting Board,View-1,31,arizona_rubberwood_cutting_board
Arizona_Rubberwood_Cutting_Board__View-2.jpeg,Arizona Rubberwood Cutting Board,View-2,31,arizona_rubberwood_cutting_board
Maple_Cutting_Board_Made_in_USA__View-1.jpeg,Maple Cutting Board Made in USA,View-1,31,maple_cutting_board_made_in_usa
Gourmet_Knife_Set_with_Rubberwood_Magnetic_Stand__Full-Set.jpeg,Gourmet Knife Set with Rubberwood Magnetic Stand,Full-Set,32,gourmet_knife_set_with_rubberwood_magnetic_stand
Gourmet_Knife_Set_with_Rubberwood_Magnetic_Stand__Natural-Rubberwood-Stand.jpeg,Gourmet Knife Set with Rubberwood Magnetic Stand,Natural-Rubberwood-Stand,32,gourmet_knife_set_with_rubberwood_magnetic_stand
Gourmet_Knife_Set_with_Rubberwood_Magnetic_Stand__Front-Display.jpeg,Gourmet Knife Set with Rubberwood Magnetic Stand,Front-Display,32,gourmet_knife_set_with_rubberwood_magnetic_stand
Gourmet_Knife_Set_with_Rubberwood_Magnetic_Stand__Back-Display.jpeg,Gourmet Knife Set with Rubberwood Magnetic Stand,Back-Display,32,gourmet_knife_set_with_rubberwood_magnetic_stand
Gourmet_Knife_Set_with_Rubberwood_Magnetic_Stand__Full-Tang-Detail.jpeg,Gourmet Knife Set with Rubberwood Magnetic Stand,Full-Tang-Detail,32,gourmet_knife_set_with_rubberwood_magnetic_stand
Gourmet_Knife_Set_with_Rubberwood_Magnetic_Stand__Close-Up.jpeg,Gourmet Knife Set with Rubberwood Magnetic Stand,Close-Up,32,gourmet_knife_set_with_rubberwood_magnetic_stand
11pc_BBQ_Grill_Set__View-1.jpeg,11pc BBQ Grill Set,View-1,33,11pc_bbq_grill_set
11pc_BBQ_Grill_Set__View-2.jpeg,11pc BBQ Grill Set,View-2,33,11pc_bbq_grill_set
8pc_Smash_Burger_Set__View-1.jpeg,8pc Smash Burger Set,View-1,33,8pc_smash_burger_set
8pc_Smash_Burger_Set__View-2.jpeg,8pc Smash Burger Set,View-2,33,8pc_smash_burger_set
BBQ_Grill_Spatula__View-1.jpeg,BBQ Grill Spatula,View-1,33,bbq_grill_spatula
Pocket_Knife_Natural__View-1.jpeg,Pocket Knife Natural,View-1,34,pocket_knife_natural
Pocket_Knife_Natural__View-2.jpeg,Pocket Knife Natural,View-2,34,pocket_knife_natural
Pocket_Knife_Natural__View-3.jpeg,Pocket Knife Natural,View-3,34,pocket_knife_natural
Pocket_Knife_Natural__View-4.jpeg,Pocket Knife Natural,View-4,34,pocket_knife_natural
Pocket_Knife_Natural__View-5.jpeg,Pocket Knife Natural,View-5,34,pocket_knife_natural
Pocket_Knife_Natural__View-6.jpeg,Pocket Knife Natural,View-6,34,pocket_knife_natural
Pocket_Knife_Natural__View-7.jpeg,Pocket Knife Natural,View-7,34,pocket_knife_natural
Pocket_Knife_Rosewood__View-1.jpeg,Pocket Knife Rosewood,View-1,34,pocket_knife_rosewood
Pocket_Knife_Rosewood__View-2.jpeg,Pocket Knife Rosewood,View-2,34,pocket_knife_rosewood
Pocket_Knife_Rosewood__View-3.jpeg,Pocket Knife Rosewood,View-3,34,pocket_knife_rosewood
Pocket_Knife_Rosewood__View-4.jpeg,Pocket Knife Rosewood,View-4,34,pocket_knife_rosewood
Pocket_Knife_Rosewood__View-5.jpeg,Pocket Knife Rosewood,View-5,34,pocket_knife_rosewood
Pocket_Knife_Rosewood__View-6.jpeg,Pocket Knife Rosewood,View-6,34,pocket_knife_rosewood
Pocket_Knife_Rosewood__View-7.jpeg,Pocket Knife Rosewood,View-7,34,pocket_knife_rosewood
16oz_Hammer_Set__View-1.jpeg,16oz Hammer Set,View-1,35,16oz_hammer_set
16oz_Hammer_Set__View-2.jpeg,16oz Hammer Set,View-2,35,16oz_hammer_set
16oz_Hammer_Set__View-3.jpeg,16oz Hammer Set,View-3,35,16oz_hammer_set
16oz_Hammer_Set__View-4.jpeg,16oz Hammer Set,View-4,35,16oz_hammer_set
16oz_Hammer_Set__View-5.jpeg,16oz Hammer Set,View-5,35,16oz_hammer_set
16oz_Hammer_Set__View-6.jpeg,16oz Hammer Set,View-6,35,16oz_hammer_set
16oz_Hammer_Set__View-7.jpeg,16oz Hammer Set,View-7,35,16oz_hammer_set
16oz_Hammer_Set__View-8.jpeg,16oz Hammer Set,View-8,35,16oz_hammer_set
16oz_Hammer_Set__View-9.jpeg,16oz Hammer Set,View-9,35,16oz_hammer_set
16oz_Hammer_Set__View-10.jpeg,16oz Hammer Set,View-10,35,16oz_hammer_set
16oz_Hammer_Set__View-11.jpeg,16oz Hammer Set,View-11,35,16oz_hammer_set
16oz_Hammer_Set__View-12.jpeg,16oz Hammer Set,View-12,35,16oz_hammer_set
16oz_Hammer_Set__View-13.jpeg,16oz Hammer Set,View-13,35,16oz_hammer_set
16oz_Hammer_Set__View-14.jpeg,16oz Hammer Set,View-14,35,16oz_hammer_set
Decanters_and_Sets__Collection-Overview-1.jpeg,Decanters and Sets,Collection-Overview-1,36,decanters_and_sets
Decanters_and_Sets__Collection-Overview-2.jpeg,Decanters and Sets,Collection-Overview-2,36,decanters_and_sets
750mL_Square_Decanter__View-1.jpeg,750mL Square Decanter,View-1,37,750ml_square_decanter
750mL_Square_Decanter__View-2.jpeg,750mL Square Decanter,View-2,37,750ml_square_decanter
750mL_Rectangle_Decanter__View-1.jpeg,750mL Rectangle Decanter,View-1,37,750ml_rectangle_decanter
750mL_Rectangle_Decanter__View-2.jpeg,750mL Rectangle Decanter,View-2,37,750ml_rectangle_decanter
650mL_Triangle_Decanter__View-1.jpeg,650mL Triangle Decanter,View-1,37,650ml_triangle_decanter
8oz_Whiskey_Rocks_Glass__View-1.jpeg,8oz Whiskey Rocks Glass,View-1,38,8oz_whiskey_rocks_glass
8oz_Whiskey_Rocks_Glass__View-2.jpeg,8oz Whiskey Rocks Glass,View-2,38,8oz_whiskey_rocks_glass
8oz_Whiskey_Rocks_Glass__View-3.jpeg,8oz Whiskey Rocks Glass,View-3,38,8oz_whiskey_rocks_glass
8oz_Whiskey_Rocks_Glass__View-4.jpeg,8oz Whiskey Rocks Glass,View-4,38,8oz_whiskey_rocks_glass
2-Glass_Decanter_Set__White-Box.jpeg,2-Glass Decanter Set,White-Box,39,2-glass_decanter_set
2-Glass_Decanter_Set__Natural-Large-Memory-Box.jpeg,2-Glass Decanter Set,Natural-Large-Memory-Box,39,2-glass_decanter_set
2-Glass_Decanter_Set__Gray-Large-Memory-Box.jpeg,2-Glass Decanter Set,Gray-Large-Memory-Box,39,2-glass_decanter_set
2-Glass_Decanter_Set__Dark-Walnut-Large-Memory-Box.jpeg,2-Glass Decanter Set,Dark-Walnut-Large-Memory-Box,39,2-glass_decanter_set
2-Glass_Decanter_Set__Black-Large-Memory-Box.jpeg,2-Glass Decanter Set,Black-Large-Memory-Box,39,2-glass_decanter_set
2-Glass_Decanter_Set__View-6.jpeg,2-Glass Decanter Set,View-6,39,2-glass_decanter_set
2-Glass_Decanter_Set__View-7.jpeg,2-Glass Decanter Set,View-7,39,2-glass_decanter_set
2-Glass_Decanter_Set__View-8.jpeg,2-Glass Decanter Set,View-8,39,2-glass_decanter_set
2-Glass_Decanter_Set__View-9.jpeg,2-Glass Decanter Set,View-9,39,2-glass_decanter_set
2-Glass_Decanter_Set__View-10.jpeg,2-Glass Decanter Set,View-10,39,2-glass_decanter_set
2-Glass_Decanter_Set__View-11.jpeg,2-Glass Decanter Set,View-11,39,2-glass_decanter_set
4-Glass_Decanter_Set__White-Box.jpeg,4-Glass Decanter Set,White-Box,40,4-glass_decanter_set
4-Glass_Decanter_Set__Natural-XL-Memory-Box.jpeg,4-Glass Decanter Set,Natural-XL-Memory-Box,40,4-glass_decanter_set
4-Glass_Decanter_Set__Gray-XL-Memory-Box.jpeg,4-Glass Decanter Set,Gray-XL-Memory-Box,40,4-glass_decanter_set
4-Glass_Decanter_Set__Dark-Walnut-XL-Memory-Box.jpeg,4-Glass Decanter Set,Dark-Walnut-XL-Memory-Box,40,4-glass_decanter_set
4-Glass_Decanter_Set__Black-XL-Memory-Box.jpeg,4-Glass Decanter Set,Black-XL-Memory-Box,40,4-glass_decanter_set
4-Glass_Decanter_Set__View-6.jpeg,4-Glass Decanter Set,View-6,40,4-glass_decanter_set
4-Glass_Decanter_Set__View-7.jpeg,4-Glass Decanter Set,View-7,40,4-glass_decanter_set
4-Glass_Decanter_Set__View-8.jpeg,4-Glass Decanter Set,View-8,40,4-glass_decanter_set
4-Glass_Decanter_Set__View-9.jpeg,4-Glass Decanter Set,View-9,40,4-glass_decanter_set
4-Glass_Decanter_Set__View-10.jpeg,4-Glass Decanter Set,View-10,40,4-glass_decanter_set
4-Glass_Decanter_Set__View-11.jpeg,4-Glass Decanter Set,View-11,40,4-glass_decanter_set
4-Glass_Decanter_Set__View-12.jpeg,4-Glass Decanter Set,View-12,40,4-glass_decanter_set
4-Glass_Decanter_Set__View-13.jpeg,4-Glass Decanter Set,View-13,40,4-glass_decanter_set
Cigar_Box__Open.jpeg,Cigar Box,Open,41,cigar_box
Cigar_Box__Natural.jpeg,Cigar Box,Natural,41,cigar_box
Cigar_Box__Gray.jpeg,Cigar Box,Gray,41,cigar_box
Cigar_Box__Dark-Walnut.jpeg,Cigar Box,Dark-Walnut,41,cigar_box
Cigar_Box__Black.jpeg,Cigar Box,Black,41,cigar_box
Medium_Box__Open.jpeg,Medium Box,Open,41,medium_box
Medium_Box__Natural.jpeg,Medium Box,Natural,41,medium_box
Medium_Box__Gray.jpeg,Medium Box,Gray,41,medium_box
Medium_Box__Dark-Walnut.jpeg,Medium Box,Dark-Walnut,41,medium_box
Medium_Box__Black.jpeg,Medium Box,Black,41,medium_box
Large_Memory_Box__Open-1.jpeg,Large Memory Box,Open-1,42,large_memory_box
Large_Memory_Box__Open-2.jpeg,Large Memory Box,Open-2,42,large_memory_box
Large_Memory_Box__Natural.jpeg,Large Memory Box,Natural,42,large_memory_box
Large_Memory_Box__Gray.jpeg,Large Memory Box,Gray,42,large_memory_box
Large_Memory_Box__Dark-Walnut.jpeg,Large Memory Box,Dark-Walnut,42,large_memory_box
Large_Memory_Box__Black.jpeg,Large Memory Box,Black,42,large_memory_box
XL_Memory_Box__Open-1.jpeg,XL Memory Box,Open-1,43,xl_memory_box
XL_Memory_Box__Open-2.jpeg,XL Memory Box,Open-2,43,xl_memory_box
XL_Memory_Box__Natural.jpeg,XL Memory Box,Natural,43,xl_memory_box
XL_Memory_Box__Gray.jpeg,XL Memory Box,Gray,43,xl_memory_box
XL_Memory_Box__Dark-Walnut.jpeg,XL Memory Box,Dark-Walnut,43,xl_memory_box
XL_Memory_Box__Black.jpeg,XL Memory Box,Black,43,xl_memory_box
XL_Memory_Box__Extra.jpeg,XL Memory Box,Extra,43,xl_memory_box
Medium_Valet_Box__Black.jpeg,Medium Valet Box,Black,44,medium_valet_box
Medium_Valet_Box__White.jpeg,Medium Valet Box,White,44,medium_valet_box
Medium_Valet_Box__Burl.jpeg,Medium Valet Box,Burl,44,medium_valet_box
Medium_Valet_Box__Cherry.jpeg,Medium Valet Box,Cherry,44,medium_valet_box
Medium_Valet_Box__Dark-Blue.jpeg,Medium Valet Box,Dark-Blue,44,medium_valet_box
Medium_Valet_Box__Gray.jpeg,Medium Valet Box,Gray,44,medium_valet_box
Medium_Valet_Box__Mint.jpeg,Medium Valet Box,Mint,44,medium_valet_box
Medium_Valet_Box__Red.jpeg,Medium Valet Box,Red,44,medium_valet_box
Medium_Valet_Box__Walnut.jpeg,Medium Valet Box,Walnut,44,medium_valet_box
Large_Valet_Box__Black.jpeg,Large Valet Box,Black,45,large_valet_box
Large_Valet_Box__White.jpeg,Large Valet Box,White,45,large_valet_box
Large_Valet_Box__Burl.jpeg,Large Valet Box,Burl,45,large_valet_box
Large_Valet_Box__Cherry.jpeg,Large Valet Box,Cherry,45,large_valet_box
Large_Valet_Box__Dark-Blue.jpeg,Large Valet Box,Dark-Blue,45,large_valet_box
Large_Valet_Box__Gray.jpeg,Large Valet Box,Gray,45,large_valet_box
Large_Valet_Box__Mint.jpeg,Large Valet Box,Mint,45,large_valet_box
Large_Valet_Box__Red.jpeg,Large Valet Box,Red,45,large_valet_box
Large_Valet_Box__Brown.jpeg,Large Valet Box,Brown,45,large_valet_box
Large_Valet_Box__Walnut.jpeg,Large Valet Box,Walnut,45,large_valet_box
Circle_Wood_Pendant__Natural.jpeg,Circle Wood Pendant,Natural,46,circle_wood_pendant
Circle_Wood_Pendant__Rosewood.jpeg,Circle Wood Pendant,Rosewood,46,circle_wood_pendant
Circle_Wood_Pendant__Black.jpeg,Circle Wood Pendant,Black,46,circle_wood_pendant
Heart_Wood_Pendant__Natural.jpeg,Heart Wood Pendant,Natural,46,heart_wood_pendant
Heart_Wood_Pendant__Rosewood.jpeg,Heart Wood Pendant,Rosewood,46,heart_wood_pendant
Heart_Wood_Pendant__Black.jpeg,Heart Wood Pendant,Black,46,heart_wood_pendant
Cross_Wood_Pendant__Natural.jpeg,Cross Wood Pendant,Natural,46,cross_wood_pendant
Cross_Wood_Pendant__Rosewood.jpeg,Cross Wood Pendant,Rosewood,46,cross_wood_pendant
Cross_Wood_Pendant__Black.jpeg,Cross Wood Pendant,Black,46,cross_wood_pendant
Military_Dog_Tag_Wood_Pendant__Natural.jpeg,Military Dog Tag Wood Pendant,Natural,46,military_dog_tag_wood_pendant
Military_Dog_Tag_Wood_Pendant__Rosewood.jpeg,Military Dog Tag Wood Pendant,Rosewood,46,military_dog_tag_wood_pendant
Military_Dog_Tag_Wood_Pendant__Black.jpeg,Military Dog Tag Wood Pendant,Black,46,military_dog_tag_wood_pendant
Tear_Drop_Wood_Pendant__Natural.jpeg,Tear Drop Wood Pendant,Natural,47,tear_drop_wood_pendant
Tear_Drop_Wood_Pendant__Rosewood.jpeg,Tear Drop Wood Pendant,Rosewood,47,tear_drop_wood_pendant
Tear_Drop_Wood_Pendant__Black.jpeg,Tear Drop Wood Pendant,Black,47,tear_drop_wood_pendant
Horizontal_Bar_Wood_Pendant__Natural.jpeg,Horizontal Bar Wood Pendant,Natural,47,horizontal_bar_wood_pendant
Horizontal_Bar_Wood_Pendant__Rosewood.jpeg,Horizontal Bar Wood Pendant,Rosewood,47,horizontal_bar_wood_pendant
Horizontal_Bar_Wood_Pendant__Black.jpeg,Horizontal Bar Wood Pendant,Black,47,horizontal_bar_wood_pendant
Vertical_Bar_Wood_Pendant__Natural.jpeg,Vertical Bar Wood Pendant,Natural,47,vertical_bar_wood_pendant
Vertical_Bar_Wood_Pendant__Rosewood.jpeg,Vertical Bar Wood Pendant,Rosewood,47,vertical_bar_wood_pendant
Vertical_Bar_Wood_Pendant__Black.jpeg,Vertical Bar Wood Pendant,Black,47,vertical_bar_wood_pendant
Laserette_Passport_Wallet__Package-View-1.jpeg,Laserette Passport Wallet,Package-View-1,48,laserette_passport_wallet
Laserette_Passport_Wallet__Package-View-2.jpeg,Laserette Passport Wallet,Package-View-2,48,laserette_passport_wallet
Laserette_Passport_Wallet__Package-View-3.jpeg,Laserette Passport Wallet,Package-View-3,48,laserette_passport_wallet
Laserette_Passport_Wallet__Package-View-4.jpeg,Laserette Passport Wallet,Package-View-4,48,laserette_passport_wallet
Laserette_Passport_Wallet__Package-View-5.jpeg,Laserette Passport Wallet,Package-View-5,48,laserette_passport_wallet
Laserette_Passport_Wallet__Package-View-6.jpeg,Laserette Passport Wallet,Package-View-6,48,laserette_passport_wallet
Laserette_Passport_Wallet__Black.jpeg,Laserette Passport Wallet,Black,49,laserette_passport_wallet
Laserette_Passport_Wallet__White.jpeg,Laserette Passport Wallet,White,49,laserette_passport_wallet
Laserette_Passport_Wallet__Brown.jpeg,Laserette Passport Wallet,Brown,49,laserette_passport_wallet
Laserette_Passport_Wallet__Rawhide.jpeg,Laserette Passport Wallet,Rawhide,49,laserette_passport_wallet
Laserette_Passport_Wallet__Gray.jpeg,Laserette Passport Wallet,Gray,49,laserette_passport_wallet
Laserette_Passport_Wallet__Navy.jpeg,Laserette Passport Wallet,Navy,49,laserette_passport_wallet
Laserette_Passport_Wallet__Red.jpeg,Laserette Passport Wallet,Red,49,laserette_passport_wallet
Laserette_Passport_Wallet__Pink.jpeg,Laserette Passport Wallet,Pink,49,laserette_passport_wallet
Laserette_Passport_Wallet__Sage.jpeg,Laserette Passport Wallet,Sage,49,laserette_passport_wallet
Laserette_Passport_Wallet__Holographic.jpeg,Laserette Passport Wallet,Holographic,49,laserette_passport_wallet
Laserette_Passport_Wallet__Metallic-Gold.jpeg,Laserette Passport Wallet,Metallic-Gold,49,laserette_passport_wallet
Laserette_Passport_Wallet__Metallic-Silver.jpeg,Laserette Passport Wallet,Metallic-Silver,49,laserette_passport_wallet
Laserette_Journal_Notebook__Package-View-1.jpeg,Laserette Journal Notebook,Package-View-1,50,laserette_journal_notebook
Laserette_Journal_Notebook__Package-View-2.jpeg,Laserette Journal Notebook,Package-View-2,50,laserette_journal_notebook
Laserette_Journal_Notebook__Package-View-3.jpeg,Laserette Journal Notebook,Package-View-3,50,laserette_journal_notebook
Laserette_Journal_Notebook__Rawhide.jpeg,Laserette Journal Notebook,Rawhide,51,laserette_journal_notebook
Laserette_Journal_Notebook__Black.jpeg,Laserette Journal Notebook,Black,51,laserette_journal_notebook
Laserette_Journal_Notebook__White.jpeg,Laserette Journal Notebook,White,51,laserette_journal_notebook
Laserette_Journal_Notebook__Gray.jpeg,Laserette Journal Notebook,Gray,51,laserette_journal_notebook
Laserette_Journal_Notebook__Brown.jpeg,Laserette Journal Notebook,Brown,51,laserette_journal_notebook
Laserette_Journal_Notebook__Navy.jpeg,Laserette Journal Notebook,Navy,51,laserette_journal_notebook
Laserette_Journal_Notebook__Red.jpeg,Laserette Journal Notebook,Red,51,laserette_journal_notebook
Laserette_Journal_Notebook__Pink.jpeg,Laserette Journal Notebook,Pink,51,laserette_journal_notebook
Laserette_Journal_Notebook__Sage.jpeg,Laserette Journal Notebook,Sage,51,laserette_journal_notebook
Laserette_Journal_Notebook__Holographic.jpeg,Laserette Journal Notebook,Holographic,51,laserette_journal_notebook
Laserette_Journal_Notebook__Metallic-Gold.jpeg,Laserette Journal Notebook,Metallic-Gold,51,laserette_journal_notebook
Laserette_Journal_Notebook__Metallic-Silver.jpeg,Laserette Journal Notebook,Metallic-Silver,51,laserette_journal_notebook
Laserette_Luggage_Tag__Package-View-1.jpeg,Laserette Luggage Tag,Package-View-1,52,laserette_luggage_tag
Laserette_Luggage_Tag__Package-View-2.jpeg,Laserette Luggage Tag,Package-View-2,52,laserette_luggage_tag
Laserette_Luggage_Tag__Package-View-3.jpeg,Laserette Luggage Tag,Package-View-3,52,laserette_luggage_tag
Laserette_Luggage_Tag__Package-View-4.jpeg,Laserette Luggage Tag,Package-View-4,52,laserette_luggage_tag
Laserette_Luggage_Tag__Package-View-5.jpeg,Laserette Luggage Tag,Package-View-5,52,laserette_luggage_tag
Laserette_Luggage_Tag__Black.jpeg,Laserette Luggage Tag,Black,53,laserette_luggage_tag
Laserette_Luggage_Tag__White.jpeg,Laserette Luggage Tag,White,53,laserette_luggage_tag
Laserette_Luggage_Tag__Brown.jpeg,Laserette Luggage Tag,Brown,53,laserette_luggage_tag
Laserette_Luggage_Tag__Rawhide.jpeg,Laserette Luggage Tag,Rawhide,53,laserette_luggage_tag
Laserette_Luggage_Tag__Gray.jpeg,Laserette Luggage Tag,Gray,53,laserette_luggage_tag
Laserette_Luggage_Tag__Navy.jpeg,Laserette Luggage Tag,Navy,53,laserette_luggage_tag
Laserette_Luggage_Tag__Red.jpeg,Laserette Luggage Tag,Red,53,laserette_luggage_tag
Laserette_Luggage_Tag__Pink.jpeg,Laserette Luggage Tag,Pink,53,laserette_luggage_tag
Laserette_Luggage_Tag__Sage.jpeg,Laserette Luggage Tag,Sage,53,laserette_luggage_tag
Laserette_Luggage_Tag__Holographic.jpeg,Laserette Luggage Tag,Holographic,53,laserette_luggage_tag
Laserette_Luggage_Tag__Metallic-Gold.jpeg,Laserette Luggage Tag,Metallic-Gold,53,laserette_luggage_tag
Laserette_Luggage_Tag__Metallic-Silver.jpeg,Laserette Luggage Tag,Metallic-Silver,53,laserette_luggage_tag
Laserette_Bifold_Wallet__Package-View-1.jpeg,Laserette Bifold Wallet,Package-View-1,54,laserette_bifold_wallet
Laserette_Bifold_Wallet__Package-View-2.jpeg,Laserette Bifold Wallet,Package-View-2,54,laserette_bifold_wallet
Laserette_Bifold_Wallet__Package-View-3.jpeg,Laserette Bifold Wallet,Package-View-3,54,laserette_bifold_wallet
Laserette_Bifold_Wallet__Package-View-4.jpeg,Laserette Bifold Wallet,Package-View-4,54,laserette_bifold_wallet
Laserette_Bifold_Wallet__Black.jpeg,Laserette Bifold Wallet,Black,55,laserette_bifold_wallet
Laserette_Bifold_Wallet__White.jpeg,Laserette Bifold Wallet,White,55,laserette_bifold_wallet
Laserette_Bifold_Wallet__Brown.jpeg,Laserette Bifold Wallet,Brown,55,laserette_bifold_wallet
Laserette_Bifold_Wallet__Rawhide.jpeg,Laserette Bifold Wallet,Rawhide,55,laserette_bifold_wallet
Laserette_Bifold_Wallet__Gray.jpeg,Laserette Bifold Wallet,Gray,55,laserette_bifold_wallet
Laserette_Bifold_Wallet__Navy.jpeg,Laserette Bifold Wallet,Navy,55,laserette_bifold_wallet
Laserette_Bifold_Wallet__Red.jpeg,Laserette Bifold Wallet,Red,55,laserette_bifold_wallet
Laserette_Bifold_Wallet__Sage.jpeg,Laserette Bifold Wallet,Sage,55,laserette_bifold_wallet
Laserette_Magnetic_Bottle_Opener_Coaster__Package-View-1.jpeg,Laserette Magnetic Bottle Opener Coaster,Package-View-1,56,laserette_magnetic_bottle_opener_coaster
Laserette_Magnetic_Bottle_Opener_Coaster__Package-View-2.jpeg,Laserette Magnetic Bottle Opener Coaster,Package-View-2,56,laserette_magnetic_bottle_opener_coaster
Laserette_Magnetic_Bottle_Opener_Coaster__Package-View-3.jpeg,Laserette Magnetic Bottle Opener Coaster,Package-View-3,56,laserette_magnetic_bottle_opener_coaster
Laserette_Magnetic_Bottle_Opener_Coaster__Package-View-4.jpeg,Laserette Magnetic Bottle Opener Coaster,Package-View-4,56,laserette_magnetic_bottle_opener_coaster
Laserette_Magnetic_Bottle_Opener_Coaster__Package-View-5.jpeg,Laserette Magnetic Bottle Opener Coaster,Package-View-5,56,laserette_magnetic_bottle_opener_coaster
Laserette_Magnetic_Bottle_Opener_Coaster__Rawhide.jpeg,Laserette Magnetic Bottle Opener Coaster,Rawhide,57,laserette_magnetic_bottle_opener_coaster
Laserette_Magnetic_Bottle_Opener_Coaster__Gray.jpeg,Laserette Magnetic Bottle Opener Coaster,Gray,57,laserette_magnetic_bottle_opener_coaster
Laserette_Magnetic_Bottle_Opener_Coaster__Navy.jpeg,Laserette Magnetic Bottle Opener Coaster,Navy,57,laserette_magnetic_bottle_opener_coaster
Laserette_Magnetic_Bottle_Opener_Coaster__Black.jpeg,Laserette Magnetic Bottle Opener Coaster,Black,57,laserette_magnetic_bottle_opener_coaster
Laserette_Magnetic_Bottle_Opener_Coaster__White.jpeg,Laserette Magnetic Bottle Opener Coaster,White,57,laserette_magnetic_bottle_opener_coaster
Laserette_Magnetic_Bottle_Opener_Coaster__Brown.jpeg,Laserette Magnetic Bottle Opener Coaster,Brown,57,laserette_magnetic_bottle_opener_coaster
Laserette_Magnetic_Bottle_Opener_Coaster__Red.jpeg,Laserette Magnetic Bottle Opener Coaster,Red,57,laserette_magnetic_bottle_opener_coaster
Laserette_Magnetic_Bottle_Opener_Coaster__Pink.jpeg,Laserette Magnetic Bottle Opener Coaster,Pink,57,laserette_magnetic_bottle_opener_coaster
Laserette_Magnetic_Bottle_Opener_Coaster__Sage.jpeg,Laserette Magnetic Bottle Opener Coaster,Sage,57,laserette_magnetic_bottle_opener_coaster
Laserette_Magnetic_Bottle_Opener_Coaster__Holographic.jpeg,Laserette Magnetic Bottle Opener Coaster,Holographic,57,laserette_magnetic_bottle_opener_coaster
Laserette_Magnetic_Bottle_Opener_Coaster__Metallic-Gold.jpeg,Laserette Magnetic Bottle Opener Coaster,Metallic-Gold,57,laserette_magnetic_bottle_opener_coaster
Laserette_Magnetic_Bottle_Opener_Coaster__Metallic-Silver.jpeg,Laserette Magnetic Bottle Opener Coaster,Metallic-Silver,57,laserette_magnetic_bottle_opener_coaster
Laserette_Motel_Keychain__Package-View-1.jpeg,Laserette Motel Keychain,Package-View-1,58,laserette_motel_keychain
Laserette_Motel_Keychain__Package-View-2.jpeg,Laserette Motel Keychain,Package-View-2,58,laserette_motel_keychain
Laserette_Motel_Keychain__Black.jpeg,Laserette Motel Keychain,Black,59,laserette_motel_keychain
Laserette_Motel_Keychain__White.jpeg,Laserette Motel Keychain,White,59,laserette_motel_keychain
Laserette_Motel_Keychain__Brown.jpeg,Laserette Motel Keychain,Brown,59,laserette_motel_keychain
Laserette_Motel_Keychain__Rawhide.jpeg,Laserette Motel Keychain,Rawhide,59,laserette_motel_keychain
Laserette_Motel_Keychain__Gray.jpeg,Laserette Motel Keychain,Gray,59,laserette_motel_keychain
Laserette_Motel_Keychain__Navy.jpeg,Laserette Motel Keychain,Navy,59,laserette_motel_keychain
Laserette_Motel_Keychain__Red.jpeg,Laserette Motel Keychain,Red,59,laserette_motel_keychain
Laserette_Motel_Keychain__Pink.jpeg,Laserette Motel Keychain,Pink,59,laserette_motel_keychain
Laserette_Motel_Keychain__Sage.jpeg,Laserette Motel Keychain,Sage,59,laserette_motel_keychain
Laserette_Motel_Keychain__Holographic.jpeg,Laserette Motel Keychain,Holographic,59,laserette_motel_keychain
Laserette_Motel_Keychain__Metallic-Gold.jpeg,Laserette Motel Keychain,Metallic-Gold,59,laserette_motel_keychain
Laserette_Motel_Keychain__Metallic-Silver.jpeg,Laserette Motel Keychain,Metallic-Silver,59,laserette_motel_keychain
Stylus_Gel_Pen__Stainless-Steel-1.jpeg,Stylus Gel Pen,Stainless-Steel-1,60,stylus_gel_pen
Stylus_Gel_Pen__Sublimation-1.jpeg,Stylus Gel Pen,Sublimation-1,60,stylus_gel_pen
Stylus_Gel_Pen__Stainless-Steel-2.jpeg,Stylus Gel Pen,Stainless-Steel-2,60,stylus_gel_pen
Stylus_Gel_Pen__Stainless-Steel-3.jpeg,Stylus Gel Pen,Stainless-Steel-3,60,stylus_gel_pen
Stylus_Gel_Pen__Sublimation-2.jpeg,Stylus Gel Pen,Sublimation-2,60,stylus_gel_pen
Stylus_Gel_Pen__Sublimation-3.jpeg,Stylus Gel Pen,Sublimation-3,60,stylus_gel_pen
Mechanical_Pencil__Stainless-Steel.jpeg,Mechanical Pencil,Stainless-Steel,61,mechanical_pencil
Mechanical_Pencil__Sublimation.jpeg,Mechanical Pencil,Sublimation,61,mechanical_pencil
Mechanical_Pencil__Accessories-1.jpeg,Mechanical Pencil,Accessories-1,61,mechanical_pencil
Mechanical_Pencil__Accessories-2.jpeg,Mechanical Pencil,Accessories-2,61,mechanical_pencil
Mechanical_Pencil__Accessories-3.jpeg,Mechanical Pencil,Accessories-3,61,mechanical_pencil
Sublimation_Tumblers_and_Blanks__Section-Header.jpeg,Sublimation Tumblers and Blanks,Section-Header,62,sublimation_tumblers_and_blanks
12oz_Camper_Mug_-_Sublimation__View-1.jpeg,12oz Camper Mug - Sublimation,View-1,63,12oz_camper_mug_-_sublimation
12oz_Wine_-_Sublimation__View-1.jpeg,12oz Wine - Sublimation,View-1,63,12oz_wine_-_sublimation
12oz_Sippy_-_Sublimation__View-1.jpeg,12oz Sippy - Sublimation,View-1,63,12oz_sippy_-_sublimation
12oz_Slim_Duozie_-_Sublimation__View-1.jpeg,12oz Slim Duozie - Sublimation,View-1,63,12oz_slim_duozie_-_sublimation
12oz_Thick_Duozie_-_Sublimation__View-1.jpeg,12oz Thick Duozie - Sublimation,View-1,63,12oz_thick_duozie_-_sublimation
14oz_Skinny_-_Sublimation__View-1.jpeg,14oz Skinny - Sublimation,View-1,63,14oz_skinny_-_sublimation
18oz_Hydro_-_Sublimation__View-1.jpeg,18oz Hydro - Sublimation,View-1,63,18oz_hydro_-_sublimation
18oz_Hydro_Sub_SS_-_Sublimation__View-1.jpeg,18oz Hydro Sub SS - Sublimation,View-1,63,18oz_hydro_sub_ss_-_sublimation
20oz_Skinny_Regular-Shimmer-Glow_-_Sublimation__View-1.jpeg,20oz Skinny Regular-Shimmer-Glow - Sublimation,View-1,63,20oz_skinny_regular-shimmer-glow_-_sublimation
20oz_Thick_-_Sublimation__View-1.jpeg,20oz Thick - Sublimation,View-1,63,20oz_thick_-_sublimation
30oz_Skinny_-_Sublimation__View-1.jpeg,30oz Skinny - Sublimation,View-1,63,30oz_skinny_-_sublimation
30oz_Thick_-_Sublimation__View-1.jpeg,30oz Thick - Sublimation,View-1,63,30oz_thick_-_sublimation
32oz_Hydro_-_Sublimation__View-1.jpeg,32oz Hydro - Sublimation,View-1,64,32oz_hydro_-_sublimation
32oz_Hydro_Sub_SS_-_Sublimation__View-1.jpeg,32oz Hydro Sub SS - Sublimation,View-1,64,32oz_hydro_sub_ss_-_sublimation
40oz_Sub_SS_-_Sublimation__View-1.jpeg,40oz Sub SS - Sublimation,View-1,64,40oz_sub_ss_-_sublimation
40oz_Regular-Shimmer_-_Sublimation__View-1.jpeg,40oz Regular-Shimmer - Sublimation,View-1,64,40oz_regular-shimmer_-_sublimation
20oz_Cooler_and_Cocktail_Shaker_-_Sublimation__View-1.jpeg,20oz Cooler and Cocktail Shaker - Sublimation,View-1,64,20oz_cooler_and_cocktail_shaker_-_sublimation
Universal_Can_Cooler_-_Sublimation__View-1.jpeg,Universal Can Cooler - Sublimation,View-1,64,universal_can_cooler_-_sublimation
14oz_Skinny_-_Sublimation__View-2.jpeg,14oz Skinny - Sublimation,View-2,64,14oz_skinny_-_sublimation
14oz_Thick_-_Sublimation__View-1.jpeg,14oz Thick - Sublimation,View-1,64,14oz_thick_-_sublimation
14oz_Round_Mug_-_Sublimation__View-1.jpeg,14oz Round Mug - Sublimation,View-1,64,14oz_round_mug_-_sublimation
22oz_Tapered_-_Sublimation__View-1.jpeg,22oz Tapered - Sublimation,View-1,64,22oz_tapered_-_sublimation
25oz_Barrel_Football_-_Sublimation__View-1.jpeg,25oz Barrel Football - Sublimation,View-1,64,25oz_barrel_football_-_sublimation
16oz_Wine_-_Sublimation__View-1.jpeg,16oz Wine - Sublimation,View-1,64,16oz_wine_-_sublimation
12oz_Camper_Mug_-_Sublimation__View-2.jpeg,12oz Camper Mug - Sublimation,View-2,65,12oz_camper_mug_-_sublimation
12oz_Wine_-_Sublimation__View-2.jpeg,12oz Wine - Sublimation,View-2,65,12oz_wine_-_sublimation
12oz_Thick_Duozie_-_Sublimation__View-2.jpeg,12oz Thick Duozie - Sublimation,View-2,65,12oz_thick_duozie_-_sublimation
20oz_Tumbler_-_Sublimation__View-1.jpeg,20oz Tumbler - Sublimation,View-1,65,20oz_tumbler_-_sublimation
20oz_Skinny_-_Sublimation__View-1.jpeg,20oz Skinny - Sublimation,View-1,65,20oz_skinny_-_sublimation
30oz_Skinny_-_Sublimation__View-2.jpeg,30oz Skinny - Sublimation,View-2,65,30oz_skinny_-_sublimation
32oz_Tapered_-_Sublimation__View-1.jpeg,32oz Tapered - Sublimation,View-1,65,32oz_tapered_-_sublimation
Kitchen_Towel_-_Sublimation__View-1.jpeg,Kitchen Towel - Sublimation,View-1,66,kitchen_towel_-_sublimation
4in_Wind_Spinner_-_Sublimation__View-1.jpeg,4in Wind Spinner - Sublimation,View-1,66,4in_wind_spinner_-_sublimation
8in_Wind_Spinner_-_Sublimation__View-1.jpeg,8in Wind Spinner - Sublimation,View-1,66,8in_wind_spinner_-_sublimation
Shimmer_Pouch_-_Sublimation__View-1.jpeg,Shimmer Pouch - Sublimation,View-1,66,shimmer_pouch_-_sublimation
Luggage_Tag_-_Sublimation__View-1.jpeg,Luggage Tag - Sublimation,View-1,66,luggage_tag_-_sublimation
4in_Coaster_-_Sublimation__View-1.jpeg,4in Coaster - Sublimation,View-1,66,4in_coaster_-_sublimation
Bottle_Opener_-_Sublimation__View-1.jpeg,Bottle Opener - Sublimation,View-1,66,bottle_opener_-_sublimation
Stainless_Steel_Tumblers__Section-Header-1.jpeg,Stainless Steel Tumblers,Section-Header-1,67,stainless_steel_tumblers
Stainless_Steel_Tumblers__Section-Header-2.jpeg,Stainless Steel Tumblers,Section-Header-2,67,stainless_steel_tumblers
6oz_Flask_-_Stainless_Steel__View-1.jpeg,6oz Flask - Stainless Steel,View-1,68,6oz_flask_-_stainless_steel
8oz_Sippy_-_Stainless_Steel__View-1.jpeg,8oz Sippy - Stainless Steel,View-1,68,8oz_sippy_-_stainless_steel
12oz_Kids_-_Stainless_Steel__View-1.jpeg,12oz Kids - Stainless Steel,View-1,68,12oz_kids_-_stainless_steel
12oz_Camper_-_Stainless_Steel__View-1.jpeg,12oz Camper - Stainless Steel,View-1,68,12oz_camper_-_stainless_steel
12oz_Wine_-_Stainless_Steel__View-1.jpeg,12oz Wine - Stainless Steel,View-1,68,12oz_wine_-_stainless_steel
12oz_Sippy_Duo_-_Stainless_Steel__View-1.jpeg,12oz Sippy Duo - Stainless Steel,View-1,68,12oz_sippy_duo_-_stainless_steel
12oz_Mason_Jar_-_Stainless_Steel__View-1.jpeg,12oz Mason Jar - Stainless Steel,View-1,68,12oz_mason_jar_-_stainless_steel
12oz_Thick_Duozie_-_Stainless_Steel__View-1.jpeg,12oz Thick Duozie - Stainless Steel,View-1,68,12oz_thick_duozie_-_stainless_steel
12oz_Slim_Duozie_-_Stainless_Steel__View-1.jpeg,12oz Slim Duozie - Stainless Steel,View-1,68,12oz_slim_duozie_-_stainless_steel
14oz_Skinny_-_Stainless_Steel__View-1.jpeg,14oz Skinny - Stainless Steel,View-1,68,14oz_skinny_-_stainless_steel
14oz_Thick_-_Stainless_Steel__View-1.jpeg,14oz Thick - Stainless Steel,View-1,68,14oz_thick_-_stainless_steel
14oz_Round_Mug_-_Stainless_Steel__View-1.jpeg,14oz Round Mug - Stainless Steel,View-1,68,14oz_round_mug_-_stainless_steel
16oz_Wine_-_Stainless_Steel__View-1.jpeg,16oz Wine - Stainless Steel,View-1,68,16oz_wine_-_stainless_steel
16oz_Pencil_Cup_-_Stainless_Steel__View-1.jpeg,16oz Pencil Cup - Stainless Steel,View-1,69,16oz_pencil_cup_-_stainless_steel
18oz_Hydro_-_Stainless_Steel__View-1.jpeg,18oz Hydro - Stainless Steel,View-1,69,18oz_hydro_-_stainless_steel
20oz_Tumbler_-_Stainless_Steel__View-1.jpeg,20oz Tumbler - Stainless Steel,View-1,69,20oz_tumbler_-_stainless_steel
20oz_Curve_-_Stainless_Steel__View-1.jpeg,20oz Curve - Stainless Steel,View-1,69,20oz_curve_-_stainless_steel
20oz_Skinny_-_Stainless_Steel__View-1.jpeg,20oz Skinny - Stainless Steel,View-1,69,20oz_skinny_-_stainless_steel
20oz_Thick_-_Stainless_Steel__View-1.jpeg,20oz Thick - Stainless Steel,View-1,69,20oz_thick_-_stainless_steel
22oz_Tapered_-_Stainless_Steel__View-1.jpeg,22oz Tapered - Stainless Steel,View-1,69,22oz_tapered_-_stainless_steel
25oz_Barrel_Football_-_Stainless_Steel__View-1.jpeg,25oz Barrel Football - Stainless Steel,View-1,69,25oz_barrel_football_-_stainless_steel
30oz_Skinny_-_Stainless_Steel__View-1.jpeg,30oz Skinny - Stainless Steel,View-1,69,30oz_skinny_-_stainless_steel
30oz_Curve_-_Stainless_Steel__View-1.jpeg,30oz Curve - Stainless Steel,View-1,69,30oz_curve_-_stainless_steel
30oz_Tumbler_-_Stainless_Steel__View-1.jpeg,30oz Tumbler - Stainless Steel,View-1,69,30oz_tumbler_-_stainless_steel
30oz_Thick_-_Stainless_Steel__View-1.jpeg,30oz Thick - Stainless Steel,View-1,69,30oz_thick_-_stainless_steel
32oz_Tapered_-_Stainless_Steel__View-1.jpeg,32oz Tapered - Stainless Steel,View-1,70,32oz_tapered_-_stainless_steel
32oz_Hydro_-_Stainless_Steel__View-1.jpeg,32oz Hydro - Stainless Steel,View-1,70,32oz_hydro_-_stainless_steel
40oz_Tumbler_-_Stainless_Steel__View-1.jpeg,40oz Tumbler - Stainless Steel,View-1,70,40oz_tumbler_-_stainless_steel
20oz_Cooler_and_Cocktail_Shaker_-_Stainless_Steel__View-1.jpeg,20oz Cooler and Cocktail Shaker - Stainless Steel,View-1,70,20oz_cooler_and_cocktail_shaker_-_stainless_steel
Universal_Can_Cooler_-_Stainless_Steel__View-1.jpeg,Universal Can Cooler - Stainless Steel,View-1,70,universal_can_cooler_-_stainless_steel
30oz_Thick_-_Stainless_Steel__View-2.jpeg,30oz Thick - Stainless Steel,View-2,70,30oz_thick_-_stainless_steel
Acrylic_Circle_Blank__1in.jpeg,Acrylic Circle Blank,1in,71,acrylic_circle_blank
Acrylic_Circle_Blank__2in.jpeg,Acrylic Circle Blank,2in,71,acrylic_circle_blank
Acrylic_Circle_Blank__2.5in.jpeg,Acrylic Circle Blank,2.5in,71,acrylic_circle_blank
Acrylic_Circle_Blank__3in.jpeg,Acrylic Circle Blank,3in,71,acrylic_circle_blank
Acrylic_Apple_Blank_2.5in__View-1.jpeg,Acrylic Apple Blank 2.5in,View-1,71,acrylic_apple_blank_2.5in
Acrylic_Bone_Blank_2.5in__View-1.jpeg,Acrylic Bone Blank 2.5in,View-1,71,acrylic_bone_blank_2.5in
Acrylic_Cross_Blank_2.5in__View-1.jpeg,Acrylic Cross Blank 2.5in,View-1,71,acrylic_cross_blank_2.5in
Acrylic_Heart_Blank_2.5in__View-1.jpeg,Acrylic Heart Blank 2.5in,View-1,71,acrylic_heart_blank_2.5in
Acrylic_Puzzle_Blank_2.5in__View-1.jpeg,Acrylic Puzzle Blank 2.5in,View-1,71,acrylic_puzzle_blank_2.5in
Acrylic_Ribbon_Blank_2.5in__View-1.jpeg,Acrylic Ribbon Blank 2.5in,View-1,71,acrylic_ribbon_blank_2.5in
